Time,No. Steps,Total Reward,Episode Length,
0.0675549507,4906,-28,1003,
0.0173304081,6036,133.3,21,
0.0178444386,7268,133.3,21,
0.0174236298,8194,133.3,21,
0.0069022179,9095,133.3,21,
0.4311234951,10252,91.5,15,
0.0186066628,11470,133.3,21,
0.011390686,13010,133.3,21,
0.1933984756,19483,172,1003,
0.0845506191,20949,100.8,31,
0.0628757477,22544,106.9,30,
0.0829572678,24081,115,27,
0.0997467041,29192,172,1003,
0.0072231293,30650,133.3,21,
0.017261982,32235,133.3,21,
Time,No. Steps,Total Reward,Episode Length,
0.2167990208,393,380.6,63,
0.1619250774,6426,172,1003,
0.2965800762,11439,265.5,1003,
0.0674407482,17212,271,1003,
0.0166299343,18729,133.3,21,
0.2320151329,19869,123.1,24,
0.0938374996,25060,172,1003,
0.2866947651,26507,130.1,23,
0.2303659916,27679,119,26,
0.2647709846,28873,121.3,19,
0.2263424397,29985,127.3,20,
0.0164709091,31075,133.3,21,
0.006472826,32272,131.2,22,
0.0172586441,33395,133.3,21,
0.1954512596,34530,133.2,21,
0.0653522015,39925,284,1003,
0.0727517605,44351,187,1003,
0.1377818584,49522,172,1003,
0.3927302361,51018,131.3,20,
0.1327517033,55934,176.5,1003,
0.1234531403,61041,172,1003,
0.3690524101,62524,131.3,20,
0.3539276123,64112,129.3,20,
0.1362140179,65530,123.1,24,
0.1798634529,70278,-5.6843418860808E-13,1003,
0.0784761906,75078,171,1003,
0.1468248367,76393,130.2,22,
0.1743774414,82416,136,1003,
0.1302042007,88095,269,1003,
0.1397352219,93044,172,1003,
0.122759819,98218,172,1003,
0.0893392563,102933,172,1003,
0.0758914948,108002,178,1003,
0.1386442184,112847,269,1003,
0.1330840588,118240,269,1003,
0.1388924122,123822,179,1003,
0.1467421055,128775,172,1003,
0.1377472878,133722,172,1003,
0.1392097473,138809,172,1003,
0.0188713074,140206,125.3,20,
0.10227108,145049,148,1003,
0.1780574322,146708,371.6,62,
0.0225396156,148671,369.1,99,
0.0062761307,149923,133.3,21,
0.1392416954,154968,184,1003,
0.2175569534,159571,172,1003,
0.116610527,164426,172,1003,
0.1514103413,169664,172,1003,
0.148651123,174641,172,1003,
0.1340744495,176015,370.4,68,
0.0663855076,180755,172,1003,
0.1804823875,185855,178,1003,
0.1196918488,190857,172,1003,
0.0678071976,196072,178,1003,
0.0688691139,197705,376.1,75,
0.4880764484,199294,379.8,56,
0.0440721512,200637,133.3,21,
0.023324728,202149,133.3,21,
0.0065283775,203542,138.3,21,
0.1547758579,208481,172,1003,
0.0096421242,209706,133.3,21,
0.0238518715,211661,483.2,86,
0.5977566242,213267,370.8,57,
0.233325243,218139,172,1003,
0.0104372501,219405,133.3,21,
0.0181844234,220936,133.3,21,
0.0184226036,222458,133.3,21,
0.2633500099,224679,483.2,85,
0.1482191086,226538,361.8,57,
0.2062983513,228195,385.5,88,
0.1445968151,233429,178,1003,
0.0810039043,238312,172,1003,
0.2933075428,240621,921.3,145,
0.1519701481,242541,675.9,118,
0.1269681454,247325,172,1003,
0.0732328892,252267,178,1003,
0.1577658653,257172,172,1003,
0.3459603786,259075,370,77,
0.1378445625,260664,372,52,
0.2061800957,265593,172,1003,
0.0180823803,267745,482.2,111,
0.0188560486,269108,364.1,50,
0.1234042645,270308,355.9,53,
0.1703522205,271547,372,52,
0.1867201328,276568,172,1003,
0.3502724171,278390,370.8,57,
0.6254134178,280350,995.8,131,
0.3089132309,282058,922.3,132,
0.1384294033,286754,172,1003,
0.1196985245,291460,172,1003,
0.4218790531,293077,832.2,109,
0.0965476036,297933,178,1003,
0.2517449856,302636,172,1003,
0.1324162483,307385,172,1003,
0.0961678028,312241,172,1003,
0.1915671825,313593,342.6,62,
0.4643321037,315936,1006.7,133,
0.0178792477,317839,996.9,131,
0.0702242851,322474,172,1003,
0.017565012,324120,914.8,120,
0.479403019,325833,998.3,131,
0.0175414085,328351,993.4,131,
0.2126677036,330306,833.7,109,
0.1567709446,334748,172,1003,
0.0170426369,336594,917.3,120,
0.0192315578,338267,910.4,118,
0.1251935959,340067,990.9,129,
0.1862602234,341742,912.4,118,
0.4324066639,343387,832.2,109,
0.0173499584,345100,995.8,132,
0.2057204247,346784,993.4,129,
0.1208913326,351483,172,1003,
0.0172715187,353380,996.3,146,
0.4020171165,354978,913.7,122,
0.115940094,359727,172,1003,
0.0194404125,361549,995.8,132,
0.0187931061,363439,1130.1,150,
0.0169157982,365145,995.8,132,
0.1418862343,366868,987.4,129,
0.1190435886,368573,987.4,129,
0.1466650963,370347,987.4,129,
0.2967243195,371956,831.2,109,
0.3037803173,373799,1085.9,142,
0.1913225651,375272,372,52,
0.2696025372,377010,832.2,109,
0.2144331932,378592,829.2,109,
0.2837073803,380180,775.5,102,
0.3929066658,381850,832.2,109,
0.1603980064,386663,172,1003,
0.2572383881,388378,988.4,129,
0.2956979275,389955,831.2,109,
0.1067967415,391674,988.4,129,
0.1892220974,393410,988.4,129,
0.1442523003,395165,988.4,129,
0.2462728024,396830,915.8,120,
0.0381035805,398585,996.9,131,
0.1564414501,400274,845.8,119,
0.1350793839,402001,988.4,129,
0.134724617,403736,915.8,120,
0.0233564377,405686,1113.8,145,
0.1399357319,407523,988.4,129,
0.1564610004,409299,1083.5,140,
0.1950457096,410995,987.4,129,
0.1395368576,412757,987.4,129,
0.3288183212,414497,988.4,129,
0.1493763924,416245,987.4,129,
0.4055013657,418071,1100.3,143,
0.2391066551,419836,978.2,133,
0.0178468227,421680,1113.8,145,
0.1990191936,423431,987.4,129,
0.1580576897,425204,987.4,129,
0.2546589375,426951,981.5,127,
0.0320942402,429070,933.6,151,
0.0212361813,430914,915.4,118,
0.006175518,432532,909.1,126,
0.2345700264,434278,884.2,134,
0.0318572521,435941,899.1,137,
0.2200629711,437820,1112.2,148,
0.1496603489,439581,987.4,129,
0.1123652458,441294,988.4,129,
0.1622052193,443109,1114.8,145,
0.1783132553,444922,1114.8,145,
0.1653513908,446603,981.5,127,
0.1692800522,448463,1123.3,145,
0.1939325333,450291,1094.9,143,
0.1047096252,452110,1114.8,145,
0.2768769264,453703,824.3,107,
0.1318254471,455560,1114.8,145,
0.0301158428,457381,1127.3,145,
0.144806385,459246,1114.8,145,
0.3642067909,461090,1116.8,145,
0.0485577583,462899,1105.6,150,
0.1533837318,464765,1114.2,147,
0.1081662178,466739,1095.7,171,
0.1536250114,468694,1114.5,151,
0.0980501175,473367,1162,1003,
0.173167944,475210,1122.3,145,
0.1294052601,477073,1122.3,145,
0.1417205334,479032,1122.3,145,
0.1075491905,480866,1122.3,145,
0.3942787647,483085,1121.3,145,
0.3249206543,485008,1121.3,145,
0.2849080563,486835,1121.3,145,
0.1673693657,488734,1114.1,149,
0.1383183002,493974,1198,1003,
0.1711552143,498915,2234,1003,
0.1249790192,501453,1122.3,145,
0.1817336082,503318,1122.3,145,
0.1382017136,505140,1122.3,145,
0.154807806,509742,1193,1003,
0.0250768661,511573,1134.8,145,
0.1136784554,516773,1192,1003,
0.1755912304,518877,1129.7,146,
0.1237559319,520906,1135.8,145,
0.1532504559,522724,1135.8,145,
0.1253778934,524527,1122.3,145,
0.0091576576,526372,1133.8,145,
0.044498682,528181,1133.8,145,
0.4647524357,530040,1132.8,144,
0.2788667679,531850,1121.3,145,
0.1663918495,533717,1133.7,146,
0.0180661678,535493,1134.8,145,
0.0771238804,537456,1114.7,146,
0.2811305523,539700,1132.4,153,
0.1917328835,541471,989,127,
0.1668481827,543273,1112.1,149,
0.0061814785,545123,1124.7,148,
0.0161280632,547403,1124.7,148,
0.0965044498,549396,1112.1,149,
0.1460618973,553947,1098.5,1003,
0.0169143677,555808,1134.8,145,
0.0254039764,557628,1134.8,145,
0.0170207024,559467,1134.8,145,
0.0877213478,564752,1205.5,1003,
0.0171775818,566642,1137.3,145,
0.0180184841,568557,1137.3,145,
0.133159399,570389,1135.8,145,
0.1660993099,575779,1341.5,1003,
0.0187804699,577627,1134.8,145,
0.2270715237,579455,1130.7,147,
0.0851507187,581329,1128.6,149,
0.1098546982,583251,1121.7,147,
0.0171406269,585176,1134.8,145,
0.0117371082,587014,1134.8,145,
0.0189020634,588833,1134.8,145,
0.01821208,590640,1134.8,145,
0.0074603558,592455,1134.8,145,
0.0125117302,594262,1134.8,145,
0.0093097687,596112,1134.8,145,
0.0336265564,597964,1134.8,145,
0.1428375244,599829,1135.8,145,
0.0226414204,602023,1129.9,155,
0.0891509056,604533,1120.7,146,
0.0583014488,606636,1127.6,150,
0.0173299313,608474,1134.8,145,
0.0794899464,610305,1081.7,148,
0.0174055099,612305,1134.8,145,
0.0181252956,614122,1134.8,145,
0.0170564651,615928,1134.8,145,
0.0436236858,617742,1134.8,145,
0.0170814991,619638,1134.8,145,
0.0962221622,624259,1315,1003,
0.0072398186,626093,1134.8,145,
0.1272144318,627913,1135.8,145,
0.0228002071,629762,1137.3,145,
0.0387582779,631545,1134.8,145,
0.0206775665,633403,1134.8,145,
0.0171482563,635229,1134.8,145,
0.0174160004,637052,1134.8,145,
0.0075714588,638871,1134.8,145,
0.037365675,640717,1134.8,145,
0.0113689899,642815,1134.8,145,
0.2859716415,644754,1135.8,145,
0.0211327076,646456,1137.3,145,
0.2196846008,648280,1120.2,159,
0.0170292854,650112,1137.3,145,
0.0173664093,651857,1137.3,145,
0.0181221962,653608,1137.3,145,
0.0076570511,655346,1137.3,145,
0.0163259506,657097,1137.3,145,
0.0437219143,658822,1137.3,145,
0.0170404911,660584,1137.3,145,
0.0063192844,662333,1137.3,145,
0.0070004463,664121,1137.3,145,
0.1603164673,665821,1135.8,145,
0.2260825634,667548,1135.8,145,
0.0225486755,669248,1137.3,145,
0.0067617893,670940,1137.3,145,
0.0155930519,672670,1137.3,145,
0.0224444866,674390,1137.3,145,
0.1838605404,676112,1135.8,145,
0.0175290108,677835,1137.3,145,
0.0235497952,679563,1137.3,145,
0.0152094364,681305,1137.3,145,
0.1729609966,683067,1135.8,145,
0.1303093433,684914,1135.8,145,
0.0181891918,686631,1137.3,145,
0.0882394314,688545,1152.1,149,
0.2191786766,690642,1158.2,147,
0.0368750095,692408,1143.3,146,
0.0228917599,694212,1134.8,145,
0.0984179974,699168,1239.5,1003,
0.16918993,704135,1239.5,1003,
0.1331424713,709252,1226.5,1003,
0.0181782246,711223,1137.3,145,
0.0171041489,712915,1137.3,145,
0.0891463757,717703,1164,1003,
0.1815662384,719656,1126.4,143,
0.1487264633,724853,1320,1003,
0.3128194809,726979,1137.8,145,
0.1854841709,732422,1250.5,1003,
0.0968031883,737894,1250.5,1003,
0.1615169048,739662,1067.8,145,
0.0253958702,741487,1120.3,145,
0.0195040703,743268,1120.3,145,
0.0071897507,745418,1143.3,146,
0.1464345455,747333,1135.8,145,
0.0795068741,752286,1193.5,1003,
0.1112518311,756387,1206.5,1003,
0.0801377296,761347,1239.5,1003,
0.0738930702,766490,1326.5,1003,
0.1672852039,771726,1212.5,1003,
0.0193221569,774131,1143.3,146,
0.0196840763,775999,1143.3,146,
0.0748004913,781294,1345.5,1003,
0.1297345161,784921,1590.1,362,
0.1622068882,790037,1239.5,1003,
0.0715205669,795277,1206.5,1003,
0.17614007,800846,1242.5,1003,
0.0671608448,805779,1242.5,1003,
0.1373383999,811003,1242.5,1003,
0.1813724041,816269,1206.5,1003,
0.153942585,821653,1206.5,1003,
0.171194315,826544,1240.5,1003,
0.085796833,829272,1416.3,231,
0.1174526215,834488,1192.5,1003,
0.0553197861,837423,1416.2,210,
0.0978081226,842641,1206.5,1003,
0.1698532104,847947,1206.5,1003,
0.1326510906,853426,1206.5,1003,
0.1426131725,859201,1212.5,1003,
0.0762803555,864618,1212.5,1003,
0.1438138485,869928,1212.5,1003,
0.1461625099,875358,1170.5,1003,
0.124666214,880766,1170.5,1003,
0.1755115986,885959,1170.5,1003,
0.087854147,891270,1328.5,1003,
0.1249725819,896693,1170.5,1003,
0.0933885574,902032,1170.5,1003,
0.1909790039,907261,1170.5,1003,
0.0916314125,912471,1312.5,1003,
0.0775580406,917743,1227.5,1003,
0.1405265331,922869,1192.5,1003,
0.0985925198,928090,1170.5,1003,
0.2020859718,933485,1195.5,1003,
Time,No. Steps,Total Reward,Episode Length,
0.1649036407,4230,1178.5,1003,
0.2261035442,9460,1170.5,1003,
0.2219789028,14774,1172.5,1003,
0.2660119534,20232,1177.5,1003,
0.1157493591,25935,1232.5,1003,
0.1084172726,31031,1232.5,1003,
0.1059572697,35705,1185.5,1003,
0.1570119858,40366,1185.5,1003,
0.1878545284,45241,1185.5,1003,
0.019613266,48137,1568.4,354,
0.1769459248,52645,1332.5,1003,
0.0176978111,55510,1408.5,427,
0.1392922401,58346,1574,290,
0.0737433434,62858,1231.5,1003,
0.1150555611,65332,1569.1,287,
0.1873986721,70084,1232.5,1003,
0.2921779156,74526,1616,1003,
0.0819823742,76491,1414.9,191,
0.1151769161,79146,1408.2,184,
0.1928665638,81090,1409.2,184,
0.1523418427,85275,1231.5,1003,
0.0175535679,87095,1407.6,199,
0.0199966431,88962,1408.6,201,
0.0988943577,93831,1674,1003,
0.2020835876,98662,1232.5,1003,
0.1874964237,103065,1232.5,1003,
0.0136067867,105705,1408.4,329,
0.1625664234,110186,1724,1003,
0.176302433,114240,1231.5,1003,
0.166241169,119040,1231.5,1003,
0.0460510254,121801,1418.6,250,
0.0150637627,123793,1573,215,
0.1302847862,125953,1407.7,197,
0.2607753277,127862,1408,189,
0.0122935772,129816,1406.7,222,
0.0905177593,134441,1596.5,1003,
0.1765258312,139228,1332.5,1003,
0.1833934784,143913,1332.5,1003,
0.1163752079,145723,1409.1,186,
0.197905302,150432,1332.5,1003,
0.0085101128,152987,1569.8,244,
0.0079362392,155045,1574.5,227,
0.0180644989,156905,1408.1,188,
0.1177318096,158821,1408.8,220,
0.1160333157,160703,1410.2,185,
0.1675488949,162576,1407.2,185,
0.1380975246,164383,1410.2,185,
0.1887624264,166411,1408.9,242,
0.2476978302,168981,1408.3,282,
0.1858277321,171095,1414.4,228,
0.1019716263,173180,1410.2,185,
0.1143915653,174989,1410.2,185,
0.1806974411,176811,1410.2,185,
0.204210043,178611,1410.2,185,
0.013604641,180748,1572.7,272,
0.0074248314,183088,1567.4,304,
0.0178194046,185451,1566.6,324,
0.0173556805,187582,1578.8,221,
0.1266884804,191924,1332.5,1003,
0.0430138111,194090,1407.8,195,
0.1383562088,199014,1370.5,1003,
0.1819114685,201367,1409.2,185,
0.0718224049,203192,1407.2,185,
0.1046984196,204970,1407.2,185,
0.1469604969,206775,1409.2,185,
0.1439967155,208573,1410.2,185,
0.2488503456,210364,1410.2,185,
0.0162329674,212305,1567.4,205,
0.0204825401,214331,1580.1,250,
0.1140449047,219070,1683,1003,
0.1927535534,220870,1407.2,185,
0.2639913559,222820,1583.7,209,
0.3416860104,224813,1581.7,209,
0.325304985,226800,1581.7,209,
0.1017365456,228566,1407.2,185,
0.0074653625,230514,1567.4,205,
0.2449018955,232477,1581.7,209,
0.1670093536,234500,1573.3,207,
0.2256276608,236502,1581.7,209,
0.0203857422,238604,1580.1,250,
0.0908353329,240470,1414.7,196,
0.1213157177,244908,1232.5,1003,
0.1489231586,249733,1232.5,1003,
0.1896157265,254244,1232.5,1003,
0.2468416691,259050,1232.5,1003,-83
Time,No. Steps,Total Reward,Episode Length
0.10799860954284668,5135,1181.500000000031,1003
Time,No. Steps,Total Reward,Episode Length
0.11794590950012207,4230,1181.500000000031,1003
0.1949601173400879,9257,1232.500000000031,1003
0.13760042190551758,14458,1232.500000000031,1003
0.07983756065368652,20022,1185.500000000031,1003
0.1039431095123291,25486,1185.500000000031,1003
0.11989736557006836,31028,1185.500000000031,1003
0.16947722434997559,36136,1326.500000000031,1003
0.1962566375732422,39436,1553.3000000000084,382
0.14148902893066406,45077,1646.000000000031,1003
0.173994779586792,47850,1550.3000000000065,331
0.17968487739562988,51216,1616.9000000000074,353
0.3686497211456299,53979,1556.100000000003,238
0.15760016441345215,58768,1231.500000000031,1003
0.1141960620880127,63650,1225.500000000031,1003
0.12037444114685059,68246,1231.500000000031,1003
0.14142107963562012,72682,1366.500000000031,1003
0.022539854049682617,75010,1396.1000000000013,188
0.14089536666870117,80107,1364.500000000031,1003
0.18526959419250488,85308,1231.500000000031,1003
0.1291208267211914,88786,1570.4000000000074,354
0.0673074722290039,93335,1231.500000000031,1003
0.14327096939086914,98862,1675.000000000031,1003
0.27789902687072754,101572,1556.100000000003,237
0.14260530471801758,103690,1398.300000000001,183
0.528594970703125,106187,1563.200000000002,208
0.46700286865234375,109380,1563.1000000000022,211
0.13678669929504395,111706,1555.200000000002,210
0.008472442626953125,113943,1396.9000000000015,193
0.0190732479095459,116144,1397.2000000000012,185
0.10033798217773438,118512,1397.300000000001,183
0.0699465274810791,120930,1397.300000000001,183
0.013469219207763672,123201,1558.6000000000017,201
0.07323217391967773,125418,1397.300000000001,183
0.11530208587646484,130528,1320.500000000031,1003
0.13641667366027832,135612,1320.500000000031,1003
0.20668292045593262,138356,1623.2000000000025,222
0.07403278350830078,143384,1665.000000000031,1003
0.16589140892028809,149080,1675.000000000031,1003
0.08615279197692871,154721,1642.000000000031,1003
0.0171358585357666,157198,1558.5000000000018,202
0.039685726165771484,159465,1558.5000000000018,202
0.025877952575683594,161762,1561.200000000002,210
0.0074002742767333984,163933,1396.0000000000014,191
0.026783466339111328,166093,1396.2000000000012,184
0.017380475997924805,168376,1561.5000000000018,203
0.017526865005493164,170675,1561.5000000000018,203
0.07119107246398926,175527,1670.000000000031,1003
0.1465768814086914,181266,1698.000000000031,1003
0.16155314445495605,183813,1559.400000000002,205
0.22413015365600586,186652,1559.400000000002,205
0.21922874450683594,189134,1559.400000000002,205
0.09460115432739258,194465,1594.000000000031,1003
0.10132336616516113,199845,1687.000000000031,1003
0.23395562171936035,202787,1395.2000000000012,185
0.1374197006225586,205043,1398.2000000000012,185
0.11499691009521484,207909,1560.1000000000035,250
0.14098167419433594,210396,1560.1000000000035,250
0.1926722526550293,212835,1560.1000000000035,250
0.2303483486175537,215208,1562.700000000002,210
0.16469645500183105,220145,1690.000000000031,1003
0.01744699478149414,223206,1561.200000000002,210
0.07831168174743652,225765,1554.9000000000024,216
0.09028482437133789,230616,1778.000000000031,1003
0.16606354713439941,235536,1661.000000000031,1003
0.4123570919036865,238206,1567.100000000003,237
0.2785365581512451,240971,1558.7000000000048,285
0.20908069610595703,244044,1558.7000000000048,285
0.15331411361694336,246939,1552.100000000003,237
0.18868613243103027,251823,1673.000000000031,1003
0.09352707862854004,256355,1532.500000000031,1003
0.1480238437652588,258596,1553.6000000000017,200
0.13081765174865723,261011,1553.6000000000017,200
0.15132784843444824,266259,1320.500000000031,1003
0.11187958717346191,268699,1553.6000000000017,200
0.1395554542541504,270953,1553.6000000000017,200
0.26160192489624023,273548,1555.1000000000022,212
0.07180929183959961,278373,1792.000000000031,1003
0.12101364135742188,283856,1688.000000000031,1003
0.13780570030212402,288494,1642.000000000031,1003
0.13391923904418945,293333,1783.000000000031,1003
0.07254290580749512,297789,1675.000000000031,1003
0.41022682189941406,300147,1554.200000000002,209
0.16301226615905762,303625,1912.500000000005,307
0.19459915161132812,309037,1649.000000000031,1003
0.011026382446289062,312089,1921.0000000000045,296
0.0067882537841796875,315564,1918.500000000005,307
0.11290574073791504,317872,1549.5000000000018,202
0.14260458946228027,320195,1549.5000000000018,202
0.006137847900390625,322469,1554.5000000000018,203
0.01818251609802246,325338,1553.400000000002,205
0.37837982177734375,327744,1554.200000000002,209
0.13756752014160156,332313,1659.000000000031,1003
0.2033693790435791,337347,1655.000000000031,1003
0.32287073135375977,340718,1921.400000000006,334
0.017461776733398438,343433,1563.6000000000017,201
0.07256793975830078,345690,1562.5000000000018,202
0.07013368606567383,347967,1562.5000000000018,202
0.16728687286376953,350650,1922.3000000000034,262
0.5176281929016113,353392,1569.200000000002,210
0.40642356872558594,356522,1575.1000000000072,349
0.1486363410949707,361518,1679.000000000031,1003
0.0991971492767334,365883,1685.000000000031,1003
0.01798391342163086,368782,1924.2000000000053,315
0.16774225234985352,371756,1904.800000000003,250
0.06948184967041016,374938,1546.4000000000078,366
0.14916300773620605,377212,1553.6000000000017,200
0.09762787818908691,382061,1762.000000000031,1003
0.47505974769592285,384660,1897.9000000000028,247
0.5246460437774658,387224,1897.9000000000028,247
0.503960371017456,389853,1897.9000000000028,247
0.28235578536987305,392129,1579.400000000002,205
0.14591741561889648,396209,1902.6000000000095,430
0.10198187828063965,401457,1320.500000000031,1003
0.5066604614257812,404152,1934.700000000004,277
0.350445032119751,406461,1578.300000000002,206
0.31522679328918457,408763,1579.400000000002,205
0.015567302703857422,411378,1914.700000000003,253
0.10808610916137695,416492,1643.000000000031,1003
0.7437930107116699,419651,1911.600000000003,253
0.07450413703918457,424463,1677.000000000031,1003
0.4591813087463379,426747,1566.5000000000018,202
0.5165574550628662,429021,1566.5000000000018,202
0.49092936515808105,431687,1566.5000000000018,202
0.010716915130615234,434409,1919.1000000000035,267
0.017246007919311523,437072,1919.1000000000035,267
0.47429370880126953,439835,1910.700000000003,250
0.5608441829681396,442512,1566.5000000000018,202
0.489429235458374,445132,1910.700000000003,250
0.09969234466552734,449820,1686.000000000031,1003
0.16460871696472168,455507,1675.000000000031,1003
0.1468055248260498,460999,1642.000000000031,1003
0.37590503692626953,463606,1897.9000000000028,247
0.09610223770141602,468878,1686.000000000031,1003
0.07849669456481934,474043,1648.000000000031,1003
0.08792281150817871,479481,1677.000000000031,1003
0.5218937397003174,482103,1901.5000000000032,256
0.11196351051330566,487271,1767.000000000031,1003
0.11226701736450195,491529,1681.000000000031,1003
0.09679818153381348,495787,1681.000000000031,1003
0.01958441734313965,498109,1618.2000000000025,222
0.023606061935424805,500438,1618.2000000000025,222
0.0896761417388916,504684,1681.000000000031,1003
0.4683377742767334,507340,1911.600000000003,253
0.5694403648376465,510146,1911.600000000003,253
0.5243489742279053,512751,1911.600000000003,253
0.5369069576263428,515365,1911.600000000003,253
0.2554640769958496,517658,1563.5000000000018,202
0.1567230224609375,522774,1677.000000000031,1003
0.2063131332397461,525403,1553.6000000000017,200
0.49970173835754395,528341,1911.600000000003,253
0.23317241668701172,530814,1903.800000000003,250
0.4842793941497803,533317,1911.600000000003,253
0.1459352970123291,538186,1681.000000000031,1003
0.14425349235534668,541119,1554.5000000000018,201
0.15505671501159668,543581,1554.5000000000018,201
0.5698850154876709,546410,1914.500000000004,281
0.6614971160888672,549319,1911.600000000003,253
0.48570728302001953,551866,1914.100000000003,253
0.6807873249053955,554458,1914.100000000003,253
0.5329902172088623,557043,1914.100000000003,253
0.5110652446746826,560034,1904.8000000000047,300
0.17241811752319336,562188,1553.6000000000017,200
0.12342262268066406,567025,1673.000000000031,1003
0.3515284061431885,569969,1907.1000000000054,317
0.012729167938232422,573175,1911.2000000000035,266
0.1277468204498291,578549,1679.500000000031,1003
0.1270461082458496,583891,1679.500000000031,1003
0.5726597309112549,586984,1897.800000000003,248
0.5414993762969971,589615,1897.9000000000028,247
0.4976956844329834,592596,1897.9000000000028,247
0.4974822998046875,595165,1897.9000000000028,247
0.4119441509246826,597858,1904.8000000000038,274
0.016401052474975586,600511,1904.9000000000037,273
0.11124181747436523,605731,1673.000000000031,1003
0.6425063610076904,608419,1897.800000000003,248
0.5885860919952393,610972,1900.300000000003,248
0.47347021102905273,613500,1900.300000000003,248
0.6305451393127441,616185,1909.200000000004,277
0.5305120944976807,618870,1909.200000000004,277
0.017765522003173828,621577,1908.9000000000042,285
0.016823291778564453,624324,1908.6000000000045,293
0.013114213943481445,628024,1897.9000000000142,560
0.4688756465911865,630570,1900.300000000003,248
0.47835278511047363,633113,1900.300000000003,248
0.44971728324890137,635744,1900.300000000003,248
0.5674712657928467,638266,1900.300000000003,248
0.5674583911895752,640830,1900.300000000003,248
0.4600205421447754,643346,1900.300000000003,248
0.5639798641204834,645911,1900.300000000003,248
0.5497524738311768,648485,1900.300000000003,248
0.44214534759521484,651234,1897.800000000003,248
0.5243866443634033,654129,1897.800000000003,248
0.5976037979125977,656680,1897.800000000003,248
0.5417308807373047,659308,1897.800000000003,248
0.5902347564697266,661944,1900.300000000003,248
0.4754495620727539,664550,1900.300000000003,248
0.4394562244415283,667103,1900.300000000003,248
0.4915897846221924,669641,1900.300000000003,248
0.5487186908721924,672124,1900.300000000003,248
0.32047009468078613,674287,1566.0000000000018,202
0.4523911476135254,676782,1900.300000000003,248
0.4933443069458008,679298,1900.300000000003,248
0.4914991855621338,681902,1900.300000000003,248
0.15869450569152832,686955,1675.500000000031,1003
0.5392637252807617,689907,1900.300000000003,248
0.41144704818725586,692414,1900.300000000003,248
0.46028566360473633,694955,1900.300000000003,248
0.4752962589263916,697547,1900.300000000003,248
0.4720325469970703,700105,1900.300000000003,248
0.40926647186279297,702634,1900.300000000003,248
0.5806851387023926,705269,1900.300000000003,248
0.545846700668335,707901,1905.200000000003,252
0.16504693031311035,710525,1905.200000000003,251
0.12764477729797363,713043,1905.200000000003,251
0.4820384979248047,715564,1900.300000000003,248
0.523557186126709,718130,1900.300000000003,248
0.5832343101501465,720676,1900.300000000003,248
0.548478364944458,723254,1900.300000000003,248
0.5525596141815186,725847,1900.300000000003,248
0.578711986541748,728531,1900.300000000003,248
0.46407127380371094,731153,1900.300000000003,248
0.6960711479187012,733701,1900.300000000003,248
0.4838426113128662,736284,1900.300000000003,248
0.42430591583251953,738830,1900.300000000003,248
0.4199812412261963,741397,1900.300000000003,248
0.509162187576294,743973,1900.300000000003,248
0.5492913722991943,746619,1900.300000000003,248
0.5604531764984131,749217,1900.300000000003,248
0.5021171569824219,751777,1900.300000000003,248
0.3833651542663574,754341,1900.300000000003,248
0.6127047538757324,756940,1900.300000000003,248
0.4806063175201416,759517,1907.200000000003,252
0.5319006443023682,762364,1905.200000000003,252
0.49254822731018066,765195,1905.200000000003,252
0.12148165702819824,767741,1895.800000000003,249
0.1861875057220459,770481,1895.800000000003,249
0.2291104793548584,773111,1895.800000000003,249
0.19433021545410156,775692,1895.800000000003,249
0.1453864574432373,778326,1895.800000000003,249
0.22618579864501953,780909,1895.800000000003,249
0.24116063117980957,783477,1895.800000000003,249
0.15851569175720215,786089,1895.800000000003,249
0.17025351524353027,788653,1895.800000000003,249
0.172440767288208,791282,1895.800000000003,249
0.16738224029541016,793898,1895.800000000003,249
0.1631758213043213,796522,1895.800000000003,249
0.14919614791870117,799117,1895.800000000003,249
0.18054485321044922,801717,1895.800000000003,249
0.14566802978515625,804273,1895.800000000003,249
0.16935253143310547,806847,1895.800000000003,249
0.14658737182617188,809395,1895.800000000003,249
0.15234756469726562,812001,1895.800000000003,249
0.15395689010620117,814589,1895.800000000003,249
0.1567974090576172,817124,1895.800000000003,249
0.13733649253845215,819755,1895.800000000003,249
0.14853549003601074,822347,1895.800000000003,249
0.15898823738098145,824876,1895.800000000003,249
0.1456148624420166,827483,1895.800000000003,249
0.19345784187316895,830074,1895.800000000003,249
0.19198155403137207,832731,1895.800000000003,249
0.1777501106262207,835262,1895.800000000003,249
0.16666173934936523,837815,1895.800000000003,249
0.15906763076782227,840454,1895.800000000003,249
0.2713766098022461,843069,1895.800000000003,249
0.11560249328613281,845620,1895.800000000003,249
0.16171884536743164,848158,1895.800000000003,249
0.17043042182922363,850714,1895.800000000003,249
0.1698000431060791,853256,1895.800000000003,249
0.17362284660339355,855809,1895.800000000003,249
0.21121788024902344,858343,1895.800000000003,249
0.16815185546875,860933,1895.800000000003,249
0.554114818572998,863519,1900.300000000003,248
0.39467525482177734,866141,1900.300000000003,248
0.5699577331542969,868686,1900.300000000003,248
0.3872835636138916,871196,1900.300000000003,248
0.5522310733795166,873811,1900.300000000003,248
0.49419522285461426,876374,1900.300000000003,248
0.49897122383117676,878945,1900.300000000003,248
0.5311110019683838,881486,1900.300000000003,248
0.47050023078918457,884083,1900.300000000003,248
0.6470179557800293,886692,1900.300000000003,248
0.49872565269470215,889321,1900.300000000003,248
0.5360345840454102,891826,1900.300000000003,248
0.4449441432952881,894412,1900.300000000003,248
0.4859457015991211,896948,1900.300000000003,248
0.38260388374328613,899483,1900.300000000003,248
0.5269849300384521,902045,1900.300000000003,248
0.5199830532073975,904579,1900.300000000003,248
0.40462160110473633,907166,1900.300000000003,248
0.4589731693267822,909649,1900.300000000003,248
0.4205021858215332,912202,1900.300000000003,248
0.4759032726287842,914755,1900.300000000003,248
0.5309090614318848,917283,1900.300000000003,248
0.4948880672454834,919835,1900.300000000003,248
0.5119781494140625,922339,1900.300000000003,248
0.6040825843811035,924861,1900.300000000003,248
0.6071672439575195,927369,1900.300000000003,248
0.44272589683532715,929959,1900.300000000003,248
0.5901546478271484,932575,1900.300000000003,248
0.4824855327606201,935130,1900.300000000003,248
0.5101723670959473,937687,1900.300000000003,248
0.49259233474731445,940164,1900.300000000003,248
0.48877406120300293,942783,1900.300000000003,248
0.4612901210784912,945316,1900.300000000003,248
0.5743205547332764,947903,1900.300000000003,248
0.47757887840270996,950442,1900.300000000003,248
0.5118381977081299,953016,1900.300000000003,248
0.4678170680999756,955605,1900.300000000003,248
